Problem Size,DP Time (s),DPLL Time (s),CDCL Time (s)
2,0.000222,0.000613,0.000007
3,0.000540,0.002709,0.000012
4,0.005516,0.047279,0.000056
5,0.080462,0.689368,0.000017
6,1.321517,11.770847,0.000016
